sku,rate
4901301245496_MEG2,1.05
4901301262509_MEG2,1.05
4901301262509,1.05
4901301245496,1.05
8851818070813,1.08
8992727007450,1.08
8851818070837,1.08
8851818129719,1.08
8851818707962,1.08
8851818129702,1.08
8992727007474,1.08
8851818943841,1.08
8851818188211,1.08
8851818205772,1.08
8851818390829,1.08
8851818340534,1.08
8851818188235,1.08
4901301354570,1.08
4901301354563,1.08
4901301043207,1.08
8851818969407,1.08
541513,1.08
8851818454224,1.08
4901301043221,1.08
8992727006033,1.08
8992727006026,1.08
4901301282743,1.08
4901301282750,1.08
8851818202528P01,1.08
KAO00012S,1.08
KAO00013S,1.08
KAO00014S,1.08
KAO00015S,1.08
KAO00016S,1.08
KAO00017S,1.08
8851818202528,1.08
8851818564985,1.08
8851818105072,1.08
8851818510555,1.08
KAO00035S,1.08
KAO00036S,1.08
KAO00037S,1.08
KAO00038S,1.08
KAO00039S,1.08
8851818070837G,1.08
KAO00050G,1.08
4901301230782,1.08
4901301230812,1.08
4901301230843,1.08
4901301230881,1.08
4901301253422,1.08
4901301230591,1.08
4901301230638,1.08
4901301230676,1.08
4901301281098,1.08
4901301230782_MRI2,1.08
4901301230812_MRI2,1.08
4901301230843_MRI2,1.08
4901301230881_MRI2,1.08
4901301253422_MRI2,1.08
4901301230591_MRI2,1.08
4901301230638_MRI2,1.08
4901301230676_MRI2,1.08
4901301281098_MRI2,1.08
4901301230782_MRI3,1.08
4901301230812_MRI3,1.08
4901301230843_MRI3,1.08
4901301230881_MRI3,1.08
4901301253422_MRI3,1.08
4901301230591_MRI3,1.08
4901301230638_MRI3,1.08
4901301230676_MRI3,1.08
4901301281098_MRI3,1.08
4901301230782_MRI4,1.08
4901301230812_MRI4,1.08
4901301230843_MRI4,1.08
4901301230881_MRI4,1.08
4901301253422_MRI4,1.08
4901301230591_MRI4,1.08
4901301230638_MRI4,1.08
4901301230676_MRI4,1.08
4901301281098_MRI4,1.08
4901301230782_MRI5,1.08
4901301230812_MRI5,1.08
4901301230843_MRI5,1.08
4901301230881_MRI5,1.08
4901301253422_MRI5,1.08
4901301230591_MRI5,1.08
4901301230638_MRI5,1.08
4901301230676_MRI5,1.08
4901301281098_MRI5,1.08
4901301259721,1.08
4901301259738,1.08
4901301281104,1.08
4901301230867,1.08
4901301230904,1.08
MER00003S,1.08
MER00004S,1.08
MER00005S,1.08
MER00001S,1.08
MER00002S,1.08
4901301388018,1.08
4901301388025,1.08
4901301388032,1.08
4901301396549,1.08
4901301396556,1.08
4901301396563,1.08
14901301403688,1.08
14901301403695,1.08
14901301403701,1.08
14901301402391,1.08
14901301402407,1.08
14901301402414,1.08
14901301402421,1.08
4901301424624,1.08
4901301424631,1.08
14901301424652,1.08
14901301424669,1.08
14901301424676,1.08
MERGIFT3,1.08
MRC00001S,1.08
8934712701028,1.08
8934712701004,1.08
8934712701189,1.08
8934712700205,1.08
8934712700212,1.08
8934712701462,1.08
8934712701479,1.08
8934712701004x4,1.08
8934712701004-V00,1.08
8934712701103V04,1.08
8934712701028-V00,1.08
8934712701103V03,1.08
8934712701004V01,1.08
8935136863392-V00,1.08
8934712701004-V02,1.08
8934712701004-V01,1.08
8934712711218_TP_001,1.08
8934712701004-V03,1.08
8934712700939V01,1.08
8934712700946V01,1.08
8934712700960V01,1.08
8934712700953V01,1.08
8934712007021V01,1.08
8934712700984V01,1.08
8934712211060V01,1.08
8934712701462V01,1.08
8934712701479V01,1.08
8934712701462V02,1.08
8934712701462V03,1.08
8934712701479V02,1.08
8934712701462V04,1.08
8934712701462V05,1.08
8934677000341,1.08
8934677000372,1.08
8934677000334,1.08
8934677000457,1.08
8934677020219,1.08
8934677000358,1.08
8934677013112,1.08
8934677013419,1.08
8934677020318,1.08
8934677013310,1.08
8934677013211,1.08
8934677020929,1.08
8934677020820,1.08
8934677014515,1.08
8934677034117,1.08
8934677042112,1.08
8934677056119,1.08
8934677026129,1.08
8852008300154,1.08
8852008300116,1.08
8852008300130,1.08
8852008304848,1.08
8852008304879,1.08
8852008510010,1.08
8852008510492,1.08
8852008511239,1.08
8852008510225,1.08
8990333822900,1.08
8934677001348,1.08
8934677001355,1.08
8934677013129,1.08
8934677013426,1.08
8934677020325,1.08
8852008510027,1.08
8852008510508,1.08
8852008511246,1.08
8934677042129,1.08
8934677001379,1.08
8934677001331,1.08
8934677001454,1.08
8934677020226,1.08
8934677034124,1.08
8852008300017,1.08
8852008300048,1.08
8852008304855,1.08
8852008304886,1.08
8934677013327,1.08
8934677013228,1.08
8934677050216,1.08
8934677050315,1.08
8934677050414,1.08
8934677029120,1.08
8934677025214,1.08
8934677035114,1.08
8934677035121,1.08
8852008510010P04,1.08
8852008300116P04,1.08
8934677042112P02,1.08
8852008511239P01,1.08
8852008510010P02,1.08
8852008510492P01,1.08
8934677042112P01,1.08
8935341300422,1.08
8935341300323,1.08
8935341300224,1.08
8935341300125,1.08
8934839124991,1.08
8934839118709,1.08
8934839119676,1.08
8934839123062,1.08
8934839123048,1.08
8934839123055,1.08
8934839120504,1.08
8934839123444,1.08
8934839123437,1.08
8934839122591,1.08
8934839123710,1.08
8934839123727,1.08
8934839123475,1.08
8934839123468,1.08
8934839122607,1.08
8934839123215,1.08
8934839123574,1.08
8934839125905,1.08
8934839125837,1.08
8934839126674,1.08
PS026658,1.08
8934839126667,1.08
8934839124991X3,1.08
8934839125837X3,1.08
8934839126209,1.08
8934839127442,1.08
8934839127411,1.08
8934839127435,1.08
8934839127398,1.08
8934839127961,1.08
8934839128463,1.08
8934839127954,1.08
8934839128470,1.08
8934839128449,1.08
8934839128418,1.08
8934839128432,1.08
8934839127978,1.08
8934839127909,1.08
8934839128456,1.08
8934839129576,1.08
8934839129217,1.08
8934839125905_PSU2_0405,1.08
8934839122607_PSU3_0600,1.08
8934839122607_PSU1_0605,1.08
8934839126117_PSU1_0630,1.08
8934839125837_PSU3_0631,1.08
8934839125905_PSU3_0904,1.08
8934839127442_PSU1_1011,1.08
8934839127435_PSU1_1012,1.08
8934839127411_PSU1_1013,1.08
8934839127411_PSU1_1091,1.08
8934839127442_PSU1_1217,1.08
8934839127435_PSU1_1218,1.08
8934839127411_PSU1_1219,1.08
8934707012078,1.08
8934707012085,1.08
8934707012092,1.08
8934707011972,1.08
8934707011514,1.08
8934707011040,1.08
8934707010456,1.08
8934707011729,1.08
8934707011736,1.08
8934707010487,1.08
8934707010500,1.08
8934707010944,1.08
8934707010968,1.08
8934707010982,1.08
8934707011644,1.08
8934707011002,1.08
8934707011026,1.08
8851932380393,1.08
8851932380409,1.08
4800888609540,1.08
4800888609526,1.08
8999999520991,1.08
8999999520984,1.08
8999999520960,1.08
8999999520977,1.08
8934868133735,1.08
8934868134138,1.08
8934868133742,1.08
8999999057442,1.08
8999999057480,1.08
8999999057459,1.08
8934707009269,1.08
8934868132035,1.08
8934868135647,1.08
8934868135654,1.08
8934868136477,1.08
8934707027638,1.08
8934707027621,1.08
8934707027706,1.08
8934707027614,1.08
8934707027690,1.08
8934707027867,1.08
8934707027478,1.08
8934707012122,1.08
8934707027874,1.08
8934707027898,1.08
8934707027881,1.08
8934707027737,1.08
8934707028550,1.08
8934707028574,1.08
8934707028598,1.08
8934707028611,1.08
8888086010302,1.08
8934707028727,1.08
8934707028765,1.08
8934707029168,1.08
8934707029182,1.08
8934707029175,1.08
8934707029441,1.08
8934707029434,1.08
8934707029137,1.08
8934707029342,1.08
8934707029366,1.08
8934707011002_KNO6_0103,1.08
8934707010944_KNO6_0104,1.08
8934707010982_KNO6_0105,1.08
8934707011972_KNO5_0106,1.08
8851932380393_KNO2_0136,1.08
8934707011644_KNO6_0183,1.08
8934707011040_KNO2_0199,1.08
8934707012085_KNO2_0258,1.08
8934707011040_KNO10_0266,1.08
8934707012078_KNO2_0315,1.08
8934707012085_KNO2_0316,1.08
8934707012122_KNO5_0470,1.08
8934707027478_KNO1_0506,1.08
8934707027478_KNO1_0545,1.08
8934707027874_LTN2_0571,1.08
8934707027898_LTN2_0572,1.08
8934707027881_LTN2_0573,1.08
8934707027737_KNO2_0574,1.08
8934707027478_KNO2_0575,1.08
8934868135647_LTN2_0576,1.08
8934868135654_LTN2_0577,1.08
8934868133735_LTN2_0642,1.08
8934868134138_LTN2_0643,1.08
8934868133742_LTN2_0644,1.08
8934707012122_KNO2_0804,1.08
8934707028611_LTN1_0851,1.08
8934707028611_LTN1_0855,1.08
8934707028598_LTN2_0868,1.08
8934707027874_LTN3_0933,1.08
8934707027898_LTN3_0934,1.08
8934868135647_LTN3_0935,1.08
8934707027874_LTN1_0936,1.08
8934868135654_LTN3_1020,1.08
8934707027881_LTN3_1021,1.08
8934868133735_LTN1_1260,1.08
8934868133735_LTN3_1261,1.08
8934707027898_LTN3_1262,1.08
8934868135647_LTN3_1263,1.08
MER00001G,1.08
710079,1.08
2000000000608,1.08
8934839129576_PSU1_1475,1.08
R22SW-Blk3,1.08
R22PU-Stealth,1.08
R22PU-Black,1.08
MER00009G,1.08
14901301419191,1.08
14901301425932,1.08
4901301425898,1.08
4901301425898V09,1.08
4901301425935,1.08
4901301425881,1.08
4901301425874V07,1.08
14901301425925,1.08
4901301425928,1.08
SAN00001SV01,1.08
SAN00001SV02,1.08
SAN00001S,1.08
SAN00002S,1.08
SAN00002SV01,1.08
SAN00002SV02,1.08
8934839133504,1.08
14901301419269,1.08
4901301418982V02,1.08
4901301418982,1.08
14901301419207,1.08
14901301419214,1.08
4901301425881V08,1.08
4901301425874,1.08
14901301419221,1.08
8992727007580_MRI2,1.08
4901301418999V03,1.08
4901301418999,1.08
4901301418975,1.08
4901301418975V01,1.08
8934839129576_PSU1_1547,1.08
8934839132835_PSU2_1533,1.08
2000000000778,1.08
KAO00030G,1.08
8992727006453_MRI3,1.08
8992727007580_MRI3,1.08
4901301418579V06,1.08
8934839133603,1.08
8934839134198,1.08
8934839133627,1.08
8934839133610,1.08
8934839132811_PSU2_1532,1.08
8934712701578,1.08
8934712701585,1.08
8934712701578V02,1.08
8934712701578V01,1.08
8934712701585V01,1.08
14901301425871,1.08
14901301425888,1.08
14901301418576,1.08
4901301420381P01,1.08
4901301418975P01,1.08
14901301425895,1.08
14901301425918,1.08
8992727006422_MRI2,1.08
8992727006453_MRI2,1.08
8992727007320_MRI2,1.08
8992727007320,1.08
14901301423266,1.08
4901301418982P01,1.08
4901301418999P01,1.08
4901301420312P01,1.08
4901301425911,1.08
14901301419238,1.08
4901301418579,1.08
14901301419009,1.08
4901301419002,1.08
8934712701004P01,1.08
4901301420381V05,1.08
4901301420381,1.08
4901301423269,1.08
14901301419252,1.08
MRC00118G,1.08
MRC00117G,1.08
8934712701103V05,1.08
4901301420312V04,1.08
8992727007320_MRI3,1.08
8934712701103V06,1.08
8934712701103,1.08
8992727006422_MRI3,1.08
8992727006453,1.08
8934712701004V02,1.08
8992727007580,1.08
4904746149480,1.08
4904746149497,1.08
4904746149503,1.08
4904746149510,1.08
4904746149527,1.08
4904746149534,1.08
4904746149541,1.08
4904746149558,1.08
4904746149565,1.08
4904746299482,1.08
4904746299789,1.08
4904746300089,1.08
4904746299185,1.08
4904746298881,1.08
4904746298584,1.08
4904746138538,1.08
4904746298188,1.08
4904746297983,1.08
4904746078902,1.08
4904746078919,1.08
4904746080332,1.08
4904746080356,1.08
4904746066749,1.08
4904746066763,1.08
4904746069665,1.08
4904746069689,1.08
4904746138422,1.08
4904746138439,1.08
4904746139856,1.08
4904746139863,1.08
4904746078049,1.08
4904746074829,1.08
4904746074836,1.08
4904746078094,1.08
4904746082237,1.08
4904746082282,1.08
4904746082336,1.08
4904746070364,1.08
4904746699480,1.08
4904746148629,1.08
4904746147257,1.08
4904746132185,1.08
4904746132215,1.08
4904746132246,1.08
4904746132277,1.08
4904746132307,1.08
4904746132314,1.08
4904746128348,1.08
4904746128379,1.08
4904746128409,1.08
4904746127266,1.08
4904746127273,1.08
4904746127310,1.08
4904746127327,1.08
4904746127365,1.08
4904746127372,1.08
4904746118448,1.08
4904746118479,1.08
4904746118493,1.08
4904746118516,1.08
4904746119001,1.08
4904746119018,1.08
4904746119025,1.08
4904746143303,1.08
4904746143310,1.08
4904746143327,1.08
4904746148285,1.08
4904746148292,1.08
4904746148308,1.08
4904746148315,1.08
SAN00015GV,1.08
6908594419151,1.08
6908594431177,1.08
8888336008073,1.08
8936123411343V01,1.08
8936123411343,1.08
8936123411343V19,1.08
8934712701004V03,1.08
8936123411343V02,1.08
4901301420312,1.08
8851818129696P01,1.08
6908594427538P01,1.08
8851818188242P01,1.08
8851818188228P01,1.08
8851818070837P02,1.08
8851818070806P01,1.08
8851818707962P02,1.08
8851818708266P01,1.08
4901301282743P01,1.08
6908594414484,1.08
8936123411343V10,1.08
6908594414491P01,1.08
8992727007320P02,1.08
8992727006453P02,1.08
8992727007580P02,1.08
14901301442953,1.08
8934839133689X3,1.08
8934839132866_PSU2_1534,1.08
8934839132835_PSU4_1823,1.08
8934839125905X3,1.08
8934839134617_PSU1_2048,1.08
8934839134617_PSU2_2041,1.08
8934839134631_PSU2_2040,1.08
4901301442956,1.08
8934839134594_PSU1_1931,1.08
8934839134594_PSU2_1863,1.08
8934839133689_CLU8_1835,1.08
8934839133689_CLU3_1833,1.08
8934839134594_PSU8934839128081X3_2094,1.08
8851818205789P01,1.08
4901301282750P01,1.08
8936123411343V14,1.08
8936123411343V15,1.08
14901301418989,1.08
8934839134617_PSU3_2043,1.08
8934839133689_CLU6_1834,1.08
8992727007580P01,1.08
KAO00002P,1.08
KAO00001P,1.08
8936123411343V11,1.08
14901301442960,1.08
4901301442963,1.08
14901301418996,1.08
4901301442918V10,1.08
9355465008537,1.08
OFS000014G,1.08
9355465008346,1.08
9355465008193,1.08
OFS00008G,1.08
9355465008155,1.08
9355465000494,1.08
9355465000487,1.08
9355465008551,1.08
OFS000012G,1.08
OFS00009G,1.08
9355465008711,1.08
9355465008568,1.08
OFS000015G,1.08
9355465008544,1.08
OFS000013G,1.08
9355465008582,1.08
9355465008759,1.08
9355465008193,1.08
9355465008759,1.08
9355465008155,1.08
OFS000015G,1.08
OFS000014G,1.08
9355465008346,1.08
9355465008605,1.08
9355465008520,1.08
9355465009121,1.08
OFS00008G,1.08
9355465008759,1.08
8992727007320P01,1.08
14901301442915,1.08
9355465009138,1.08
8851818708266,1.08
8851818070806,1.08
14901301442977,1.08
8934839134594_PSU4_1865,1.08
8934839134631_PSU3_2042,1.08
8934839134594_PSU3_1864,1.08
8934839134631_PSU4_2044,1.08
SAN00090V,1.08
8934839134617_PSU4_2045,1.08
4904746148285P01,1.08
MRC00267V,1.08
MRC00266V,1.08
MRC00273V,1.08
MRC00278V,1.08
SAN00008V,1.08
KAO00010P,1.08
OFS00003VG,1.08
MRC00055P,1.08
MRC00271V,1.08
9355465008773,1.08
OFS000010G,1.08
MRC00061P,1.08
MRC00058P,1.08
MRC00269V,1.08
MRC00272V,1.08
MRC00270V,1.08
MRC00056P,1.08
KAO00011P,1.08
4901301442970,1.08
4901301442918,1.08
KAO00009P,1.08
8934839135119,1.08
8934839127381,1.08
8934839127404,1.08
8934839133511,1.08
8934839127404_PSU2_1456,1.08
8934839127398_PSU2_1455,1.08
8934839127381_PSU2_1454,1.08
8934839133498,1.08
8934839134617_PSU8934839128081X3_2095,1.08
SAN00007V,1.08
4904746070159,1.08
4904746070142,1.08
MRC00059P,1.08
6914973203884,1.08
MAR00003P,1.08
MAR00005V,1.08
MAR00006V,1.08
