Order ID,Seller SKU,Product Name,Quantity,SKU Unit Original Price,Created Time,Order Status,Order Refund Amount,SKU Subtotal After Discount,SKU Seller Discount,Cancelation/Return Type
--- do not read this row ---,,,,,,,,,,
TT000001,DEMO-SKU-001,Demo product 1,1,331000,2026/05/02 00:00:00,Completed,0,331000,0,
TT000001,DEMO-SKU-002,Demo product 2,3,125000,2026/05/02 00:00:00,Completed,0,375000,0,
TT000001,DEMO-SKU-003,Demo product 3,1,125000,2026/05/02 00:00:00,Completed,0,112500,12500,
TT000002,DEMO-SKU-002,Demo product 2,1,101000,2026/05/07 00:00:00,Completed,0,95950,5050,
TT000002,DEMO-SKU-003,Demo product 3,1,55000,2026/05/07 00:00:00,Completed,0,55000,0,
TT000003,DEMO-SKU-003,Demo product 3,1,84000,2026/04/21 00:00:00,Completed,0,84000,0,
TT000003,DEMO-SKU-004,Demo product 4,3,138000,2026/04/21 00:00:00,Completed,0,414000,0,
TT000004,DEMO-SKU-004,Demo product 4,1,240000,2026/05/11 00:00:00,Completed,0,216000,24000,
TT000004,DEMO-SKU-005,Demo product 5,2,199000,2026/05/11 00:00:00,Completed,0,358200,39800,
TT000005,DEMO-SKU-005,Demo product 5,2,264000,2026/05/02 00:00:00,Completed,0,528000,0,
TT000005,DEMO-SKU-006,Demo product 6,1,394000,2026/05/02 00:00:00,Completed,0,374300,19700,
TT000006,DEMO-SKU-006,Demo product 6,2,254000,2026/05/08 00:00:00,Completed,0,482600,25400,
TT000006,DEMO-SKU-007,Demo product 7,3,370000,2026/05/08 00:00:00,Completed,0,1110000,0,
TT000007,DEMO-SKU-007,Demo product 7,3,307000,2026/05/03 00:00:00,Completed,0,828900,92100,
TT000008,DEMO-SKU-008,Demo product 8,2,354000,2026/04/18 00:00:00,Completed,0,672600,35400,
TT000008,DEMO-SKU-009,Demo product 9,1,243000,2026/04/18 00:00:00,Completed,0,243000,0,
TT000008,DEMO-SKU-010,Demo product 10,2,305000,2026/04/18 00:00:00,Completed,0,549000,61000,
TT000009,DEMO-SKU-009,Demo product 9,3,143000,2026/05/12 00:00:00,Completed,0,407550,21450,
TT000009,DEMO-SKU-010,Demo product 10,2,288000,2026/05/12 00:00:00,Completed,0,576000,0,
TT000009,DEMO-SKU-011,Demo product 11,3,93000,2026/05/12 00:00:00,Completed,0,251100,27900,
TT000010,DEMO-SKU-010,Demo product 10,2,129000,2026/05/13 00:00:00,Completed,0,232200,25800,
TT000010,DEMO-SKU-011,Demo product 11,2,382000,2026/05/13 00:00:00,Completed,0,725800,38200,
TT000011,DEMO-SKU-011,Demo product 11,3,135000,2026/05/06 00:00:00,Completed,0,384750,20250,
TT000011,DEMO-SKU-000,Demo product 0,1,79000,2026/05/06 00:00:00,Completed,0,71100,7900,
TT000011,DEMO-SKU-001,Demo product 1,1,185000,2026/05/06 00:00:00,Completed,0,175750,9250,
TT000012,DEMO-SKU-000,Demo product 0,1,267000,2026/05/09 00:00:00,Completed,0,240300,26700,
TT000012,DEMO-SKU-001,Demo product 1,1,342000,2026/05/09 00:00:00,Completed,0,342000,0,
TT000012,DEMO-SKU-002,Demo product 2,1,279000,2026/05/09 00:00:00,Completed,0,279000,0,
TT000013,DEMO-SKU-001,Demo product 1,2,196000,2026/05/07 00:00:00,Completed,0,372400,19600,
TT000013,DEMO-SKU-002,Demo product 2,1,140000,2026/05/07 00:00:00,Completed,0,126000,14000,
TT000013,DEMO-SKU-003,Demo product 3,1,386000,2026/05/07 00:00:00,Completed,0,386000,0,
TT000014,DEMO-SKU-002,Demo product 2,3,78000,2026/05/10 00:00:00,Completed,0,234000,0,
TT000014,DEMO-SKU-003,Demo product 3,1,396000,2026/05/10 00:00:00,Completed,0,356400,39600,
TT000014,DEMO-SKU-004,Demo product 4,2,321000,2026/05/10 00:00:00,Completed,0,642000,0,
TT000015,DEMO-SKU-003,Demo product 3,2,140000,2026/05/09 00:00:00,Completed,0,280000,0,
TT000015,DEMO-SKU-004,Demo product 4,2,101000,2026/05/09 00:00:00,Completed,0,202000,0,
TT000016,DEMO-SKU-004,Demo product 4,3,220000,2026/05/10 00:00:00,Completed,0,627000,33000,
TT000016,DEMO-SKU-005,Demo product 5,2,181000,2026/05/10 00:00:00,Completed,0,325800,36200,
TT000017,DEMO-SKU-005,Demo product 5,2,254000,2026/05/01 00:00:00,Completed,0,482600,25400,
TT000017,DEMO-SKU-006,Demo product 6,3,66000,2026/05/01 00:00:00,Completed,0,178200,19800,
TT000017,DEMO-SKU-007,Demo product 7,3,85000,2026/05/01 00:00:00,Completed,0,229500,25500,
TT000018,DEMO-SKU-006,Demo product 6,1,139000,2026/05/04 00:00:00,Completed,0,139000,0,
TT000018,DEMO-SKU-007,Demo product 7,3,315000,2026/05/04 00:00:00,Completed,0,945000,0,
TT000018,DEMO-SKU-008,Demo product 8,3,254000,2026/05/04 00:00:00,Completed,0,723900,38100,
TT000019,DEMO-SKU-007,Demo product 7,1,261000,2026/05/08 00:00:00,Completed,0,247950,13050,
TT000019,DEMO-SKU-008,Demo product 8,2,383000,2026/05/08 00:00:00,Completed,0,689400,76600,
TT000020,DEMO-SKU-008,Demo product 8,1,327000,2026/04/22 00:00:00,Completed,0,294300,32700,
TT000021,DEMO-SKU-009,Demo product 9,1,354000,2026/05/06 00:00:00,Completed,0,354000,0,
TT000021,DEMO-SKU-010,Demo product 10,2,177000,2026/05/06 00:00:00,Completed,0,318600,35400,
TT000021,DEMO-SKU-011,Demo product 11,1,386000,2026/05/06 00:00:00,Completed,0,347400,38600,
TT000022,DEMO-SKU-010,Demo product 10,1,333000,2026/05/01 00:00:00,Completed,0,333000,0,
TT000023,DEMO-SKU-011,Demo product 11,3,152000,2026/04/29 00:00:00,Completed,0,456000,0,
TT000023,DEMO-SKU-000,Demo product 0,1,127000,2026/04/29 00:00:00,Completed,0,114300,12700,
TT000023,DEMO-SKU-001,Demo product 1,1,251000,2026/04/29 00:00:00,Completed,0,238450,12550,
TT000024,DEMO-SKU-000,Demo product 0,3,101000,2026/05/02 00:00:00,Completed,0,287850,15150,
TT000024,DEMO-SKU-001,Demo product 1,1,264000,2026/05/02 00:00:00,Completed,0,250800,13200,
TT000025,DEMO-SKU-001,Demo product 1,1,139000,2026/04/20 00:00:00,Completed,0,125100,13900,
TT000025,DEMO-SKU-002,Demo product 2,2,86000,2026/04/20 00:00:00,Completed,0,163400,8600,
TT000025,DEMO-SKU-003,Demo product 3,3,93000,2026/04/20 00:00:00,Completed,0,251100,27900,
TT000026,DEMO-SKU-002,Demo product 2,1,391000,2026/05/09 00:00:00,Completed,0,391000,0,
TT000026,DEMO-SKU-003,Demo product 3,3,166000,2026/05/09 00:00:00,Completed,0,448200,49800,
TT000026,DEMO-SKU-004,Demo product 4,2,72000,2026/05/09 00:00:00,Completed,0,129600,14400,
TT000027,DEMO-SKU-003,Demo product 3,3,142000,2026/05/12 00:00:00,Completed,0,383400,42600,
TT000027,DEMO-SKU-004,Demo product 4,2,359000,2026/05/12 00:00:00,Completed,0,682100,35900,
TT000028,DEMO-SKU-004,Demo product 4,1,144000,2026/05/06 00:00:00,Completed,0,136800,7200,
TT000028,DEMO-SKU-005,Demo product 5,3,99000,2026/05/06 00:00:00,Completed,0,297000,0,
TT000028,DEMO-SKU-006,Demo product 6,3,335000,2026/05/06 00:00:00,Completed,0,904500,100500,
TT000029,DEMO-SKU-005,Demo product 5,1,313000,2026/05/11 00:00:00,Completed,0,281700,31300,
TT000029,DEMO-SKU-006,Demo product 6,2,235000,2026/05/11 00:00:00,Completed,0,470000,0,
TT000030,DEMO-SKU-006,Demo product 6,2,62000,2026/04/23 00:00:00,Completed,0,117800,6200,
TT000031,DEMO-SKU-007,Demo product 7,1,253000,2026/05/12 00:00:00,Completed,0,253000,0,
TT000032,DEMO-SKU-008,Demo product 8,1,234000,2026/05/09 00:00:00,Completed,0,234000,0,
TT000032,DEMO-SKU-009,Demo product 9,3,330000,2026/05/09 00:00:00,Completed,0,990000,0,
TT000032,DEMO-SKU-010,Demo product 10,3,164000,2026/05/09 00:00:00,Completed,0,467400,24600,
TT000033,DEMO-SKU-009,Demo product 9,3,352000,2026/05/10 00:00:00,Completed,0,1056000,0,
TT000033,DEMO-SKU-010,Demo product 10,3,104000,2026/05/10 00:00:00,Completed,0,312000,0,
TT000033,DEMO-SKU-011,Demo product 11,2,115000,2026/05/10 00:00:00,Completed,0,230000,0,
TT000034,DEMO-SKU-010,Demo product 10,3,302000,2026/05/05 00:00:00,Completed,0,815400,90600,
TT000034,DEMO-SKU-011,Demo product 11,2,93000,2026/05/05 00:00:00,Completed,0,186000,0,
TT000034,DEMO-SKU-000,Demo product 0,1,119000,2026/05/05 00:00:00,Completed,0,119000,0,
TT000035,DEMO-SKU-011,Demo product 11,3,178000,2026/05/10 00:00:00,Completed,0,480600,53400,
TT000035,DEMO-SKU-000,Demo product 0,3,258000,2026/05/10 00:00:00,Completed,0,774000,0,
TT000036,DEMO-SKU-000,Demo product 0,1,92000,2026/05/05 00:00:00,Completed,0,87400,4600,
TT000036,DEMO-SKU-001,Demo product 1,3,84000,2026/05/05 00:00:00,Completed,0,252000,0,
TT000037,DEMO-SKU-001,Demo product 1,1,234000,2026/05/07 00:00:00,Completed,0,222300,11700,
TT000037,DEMO-SKU-002,Demo product 2,2,334000,2026/05/07 00:00:00,Completed,0,634600,33400,
TT000037,DEMO-SKU-003,Demo product 3,2,330000,2026/05/07 00:00:00,Completed,0,660000,0,
TT000038,DEMO-SKU-002,Demo product 2,1,100000,2026/05/07 00:00:00,Completed,0,95000,5000,
TT000039,DEMO-SKU-003,Demo product 3,2,98000,2026/05/07 00:00:00,Completed,0,176400,19600,
TT000040,DEMO-SKU-004,Demo product 4,2,203000,2026/05/10 00:00:00,Completed,0,385700,20300,
TT000040,DEMO-SKU-005,Demo product 5,3,134000,2026/05/10 00:00:00,Completed,0,402000,0,
TT000041,DEMO-SKU-005,Demo product 5,1,365000,2026/04/21 00:00:00,Completed,0,328500,36500,
TT000041,DEMO-SKU-006,Demo product 6,3,167000,2026/04/21 00:00:00,Completed,0,450900,50100,
TT000041,DEMO-SKU-007,Demo product 7,1,317000,2026/04/21 00:00:00,Completed,0,285300,31700,
TT000042,DEMO-SKU-006,Demo product 6,1,269000,2026/05/07 00:00:00,Completed,0,242100,26900,
TT000042,DEMO-SKU-007,Demo product 7,3,275000,2026/05/07 00:00:00,Completed,0,825000,0,
TT000042,DEMO-SKU-008,Demo product 8,1,271000,2026/05/07 00:00:00,Completed,0,271000,0,
TT000043,DEMO-SKU-007,Demo product 7,3,128000,2026/05/02 00:00:00,Completed,0,364800,19200,
TT000044,DEMO-SKU-008,Demo product 8,3,191000,2026/04/30 00:00:00,Completed,0,573000,0,
TT000044,DEMO-SKU-009,Demo product 9,1,162000,2026/04/30 00:00:00,Completed,0,153900,8100,
TT000045,DEMO-SKU-009,Demo product 9,1,326000,2026/05/08 00:00:00,Completed,0,326000,0,
TT000045,DEMO-SKU-010,Demo product 10,3,200000,2026/05/08 00:00:00,Completed,0,600000,0,
TT000045,DEMO-SKU-011,Demo product 11,2,112000,2026/05/08 00:00:00,Completed,0,212800,11200,
TT000046,DEMO-SKU-010,Demo product 10,2,205000,2026/05/05 00:00:00,Completed,0,369000,41000,
TT000047,DEMO-SKU-011,Demo product 11,2,114000,2026/05/14 00:00:00,Completed,0,205200,22800,
TT000048,DEMO-SKU-000,Demo product 0,2,399000,2026/05/14 00:00:00,Completed,0,798000,0,
TT000048,DEMO-SKU-001,Demo product 1,3,117000,2026/05/14 00:00:00,Completed,0,351000,0,
TT000049,DEMO-SKU-001,Demo product 1,3,53000,2026/05/12 00:00:00,Completed,0,159000,0,
TT000049,DEMO-SKU-002,Demo product 2,2,195000,2026/05/12 00:00:00,Completed,0,351000,39000,
TT000050,DEMO-SKU-002,Demo product 2,2,95000,2026/04/25 00:00:00,Completed,0,180500,9500,
TT000051,DEMO-SKU-003,Demo product 3,1,113000,2026/04/30 00:00:00,Completed,0,113000,0,
TT000051,DEMO-SKU-004,Demo product 4,2,209000,2026/04/30 00:00:00,Completed,0,397100,20900,
TT000052,DEMO-SKU-004,Demo product 4,2,248000,2026/05/08 00:00:00,Completed,0,446400,49600,
TT000053,DEMO-SKU-005,Demo product 5,2,61000,2026/05/02 00:00:00,Completed,0,122000,0,
TT000053,DEMO-SKU-006,Demo product 6,3,207000,2026/05/02 00:00:00,Completed,0,621000,0,
TT000053,DEMO-SKU-007,Demo product 7,2,213000,2026/05/02 00:00:00,Completed,0,426000,0,
TT000054,DEMO-SKU-006,Demo product 6,3,227000,2026/05/07 00:00:00,Completed,0,681000,0,
TT000055,DEMO-SKU-007,Demo product 7,3,248000,2026/05/15 00:00:00,Completed,0,706800,37200,
TT000056,DEMO-SKU-008,Demo product 8,1,293000,2026/05/14 00:00:00,Completed,0,263700,29300,
TT000056,DEMO-SKU-009,Demo product 9,2,256000,2026/05/14 00:00:00,Completed,0,460800,51200,
TT000057,DEMO-SKU-009,Demo product 9,2,122000,2026/05/08 00:00:00,Completed,0,231800,12200,
TT000057,DEMO-SKU-010,Demo product 10,1,226000,2026/05/08 00:00:00,Completed,0,226000,0,
TT000058,DEMO-SKU-010,Demo product 10,1,232000,2026/04/17 00:00:00,Completed,0,232000,0,
TT000058,DEMO-SKU-011,Demo product 11,2,237000,2026/04/17 00:00:00,Completed,0,426600,47400,
TT000058,DEMO-SKU-000,Demo product 0,3,235000,2026/04/17 00:00:00,Completed,0,705000,0,
TT000059,DEMO-SKU-011,Demo product 11,2,199000,2026/05/11 00:00:00,Completed,0,378100,19900,
TT000059,DEMO-SKU-000,Demo product 0,3,262000,2026/05/11 00:00:00,Completed,0,786000,0,
TT000059,DEMO-SKU-001,Demo product 1,1,148000,2026/05/11 00:00:00,Completed,0,133200,14800,
TT000060,DEMO-SKU-000,Demo product 0,1,93000,2026/05/10 00:00:00,Completed,0,88350,4650,
